Date,y,year,month,quarter,month_sin,month_cos,lag_1,lag_2,lag_3,lag_12,roll3_mean,roll6_mean,roll12_mean,roll3_std,roll6_std,roll12_std,mom_1,mom_yoy,has_public_holiday
2011-08-01,1758108,2011,8,3,-0.8660254037844385,-0.5000000000000004,1864959.0,1785417.0,1873695.0,1752381.0,1841357.0,1805208.5,1771484.4166666667,48641.979030462964,105782.0621499698,86244.16575309304,-0.057294020940942936,0.003268124911192327,0
2011-09-01,1781211,2011,9,3,-1.0,-1.8369701987210297e-16,1758108.0,1864959.0,1785417.0,1756268.0,1802828.0,1831665.8333333333,1771961.6666666667,55512.53228776363,48157.61489283672,86144.63111781406,0.013140830938713766,0.014202274368148915,0
2011-10-01,1848912,2011,10,4,-0.8660254037844386,0.5000000000000001,1781211.0,1758108.0,1864959.0,1801348.0,1801426.0,1817960.8333333333,1774040.25,56220.714323103355,48999.68612314523,86032.38558518118,0.038008411131527975,0.026404670280256726,0
2011-11-01,1741441,2011,11,4,-0.5000000000000004,0.8660254037844384,1848912.0,1781211.0,1758108.0,1651027.0,1796077.0,1818717.0,1778003.9166666667,47192.0551682166,49521.07024287828,88466.13268822496,-0.0581266171672854,0.054762278266800024,0
2011-12-01,1732046,2011,12,4,-2.4492935982947064e-16,1.0,1741441.0,1848912.0,1781211.0,1737741.0,1790521.3333333333,1796674.6666666667,1785538.4166666667,54337.05632745787,49589.30313955549,80125.64462195204,-0.005394957394479594,-0.003277243271580743,0
2012-01-01,1737518,2012,1,1,0.49999999999999994,0.8660254037844387,1732046.0,1741441.0,1848912.0,1727797.0,1774133.0,1787779.5,1785063.8333333333,64930.66022304098,56339.82691755497,80450.69129917512,0.003159269442035706,0.005626239656626231,0
2012-02-01,1704232,2012,2,1,0.8660254037844386,0.5000000000000001,1737518.0,1732046.0,1741441.0,1599364.0,1737001.6666666667,1766539.3333333333,1785873.9166666667,4718.734611453529,44121.54930945527,79868.46702998446,-0.019157211608743063,0.06556856350399287,0
2012-03-01,1933153,2012,3,1,1.0,6.123233995736766e-17,1704232.0,1737518.0,1732046.0,1863441.0,1724598.6666666667,1757560.0,1794612.9166666667,17848.99238986142,51109.493071248675,61149.373276292456,0.13432502147594927,0.03741036072513171,0
2012-04-01,1769523,2012,4,2,0.8660254037844387,-0.4999999999999998,1933153.0,1704232.0,1737518.0,1844375.0,1791634.3333333333,1782883.6666666667,1800422.25,123683.62547376002,88866.98453006448,70828.07209410824,-0.08464410214814866,-0.04058393764825485,0
2012-05-01,1929570,2012,5,2,0.49999999999999994,-0.8660254037844387,1769523.0,1933153.0,1704232.0,1873695.0,1802302.6666666667,1769652.1666666667,1794184.5833333333,117928.30860456426,82770.81098410659,69895.24067222892,0.0904464084388843,0.029820755245650865,0
2012-06-01,1887841,2012,6,2,1.2246467991473532e-16,-1.0,1929570.0,1769523.0,1933153.0,1785417.0,1877415.3333333333,1801007.0,1798840.8333333333,93454.67439530964,103086.4935944573,77157.41175360385,-0.021626061765056437,0.05736699045657123,0
2012-07-01,1924523,2012,7,3,-0.4999999999999997,-0.8660254037844388,1887841.0,1929570.0,1769523.0,1864959.0,1862311.3333333333,1826972.8333333333,1807376.1666666667,83021.58431596775,101856.07771638759,81101.80776915059,0.01943066179831887,0.03193850374190532,0
2012-08-01,1845142,2012,8,3,-0.8660254037844385,-0.5000000000000004,1924523.0,1887841.0,1929570.0,1758108.0,1913978.0,1858140.3333333333,1812339.8333333333,22775.53795193462,97528.14189897616,86583.89388420647,-0.04124710382780561,0.04950435354369587,0
2012-09-01,1788491,2012,9,3,-1.0,-1.8369701987210297e-16,1845142.0,1924523.0,1887841.0,1781211.0,1885835.3333333333,1881625.3333333333,1819592.6666666667,39728.488699336966,64390.37592891394,85263.29529845492,-0.030702786018637074,0.004087107029992598,0
2012-10-01,1832304,2012,10,4,-0.8660254037844386,0.5000000000000001,1788491.0,1845142.0,1924523.0,1848912.0,1852718.6666666667,1857515.0,1820199.3333333333,68331.76907071372,68208.00119340958,84990.83885212505,0.024497187852776436,-0.008982580025441944,0
2012-11-01,1755605,2012,11,4,-0.5000000000000004,0.8660254037844384,1832304.0,1788491.0,1845142.0,1741441.0,1821979.0,1867978.5,1818815.3333333333,29703.335991097363,55673.603435561585,84615.16618446277,-0.0418593202874632,0.008133494043151668,0
2012-12-01,1822426,2012,12,4,-2.4492935982947064e-16,1.0,1755605.0,1832304.0,1788491.0,1732046.0,1792133.3333333333,1838984.3333333333,1819995.6666666667,38479.0084894784,62109.694932971724,83529.54315290695,0.03806152295077769,0.05218106216578544,0
2013-01-01,1733118,2013,1,1,0.49999999999999994,0.8660254037844387,1822426.0,1755605.0,1832304.0,1737518.0,1803445.0,1828081.8333333333,1827527.3333333333,41724.00892771473,57379.59308122361,78820.32559312391,-0.04900500761073423,-0.0025323478663242804,0
2013-02-01,1648748,2013,2,1,0.8660254037844386,0.5000000000000001,1733118.0,1822426.0,1755605.0,1704232.0,1770383.0,1796181.0,1827160.6666666667,46451.82105149397,44885.05434997395,79285.96676970058,-0.04868104768400072,-0.032556600275079894,0
2013-03-01,1865084,2013,3,1,1.0,6.123233995736766e-17,1648748.0,1733118.0,1822426.0,1933153.0,1734764.0,1763448.6666666667,1822537.0,86850.69894940408,67800.02450638766,88220.79367854685,0.13121228956759912,-0.03521138782082944,0
2013-04-01,1831420,2013,4,2,0.8660254037844387,-0.4999999999999998,1865084.0,1648748.0,1733118.0,1769523.0,1748983.3333333333,1776214.1666666667,1816864.5833333333,109037.13966045404,79635.53377335255,82462.23644406008,-0.018049589187403847,0.03497948317145361,0
2013-05-01,1891670,2013,5,2,0.49999999999999994,-0.8660254037844387,1831420.0,1865084.0,1648748.0,1929570.0,1781750.6666666667,1776066.8333333333,1822022.6666666667,116407.03685487986,79511.72943010846,81157.30493680817,0.03289796988129434,-0.019641681825484425,0
2013-06-01,1831036,2013,6,2,1.2246467991473532e-16,-1.0,1891670.0,1831420.0,1865084.0,1887841.0,1862724.6666666667,1798744.3333333333,1818864.3333333333,30194.21244764213,91071.80361377934,77234.12510652079,-0.03205315937769271,-0.030089928124243492,0
2013-07-01,1976289,2013,7,3,-0.4999999999999997,-0.8660254037844388,1831036.0,1891670.0,1831420.0,1924523.0,1851375.3333333333,1800179.3333333333,1814130.5833333333,34896.73316133397,91585.96193449514,74307.51775678052,0.0793283146808692,0.026898093709454285,0
2013-08-01,1840591,2013,8,3,-0.8660254037844385,-0.5000000000000004,1976289.0,1831036.0,1891670.0,1845142.0,1899665.0,1840707.8333333333,1818444.4166666667,72955.79840561004,108260.77637707398,82364.61932877643,-0.06866303460678069,-0.0024664768348452437,0
2013-09-01,1768749,2013,9,3,-1.0,-1.8369701987210297e-16,1840591.0,1976289.0,1831036.0,1788491.0,1882638.6666666667,1872681.6666666667,1818065.1666666667,81244.15798279498,55891.78550974057,82240.89887180486,-0.03903202829960595,-0.011038355798267951,0
2013-10-01,1829429,2013,10,4,-0.8660254037844386,0.5000000000000001,1768749.0,1840591.0,1976289.0,1832304.0,1861876.3333333333,1856625.8333333333,1816420.0,105394.55375555865,70451.39373331681,83079.47673490406,0.03430673317695154,-0.001569062775609309,0
2013-11-01,1733037,2013,11,4,-0.5000000000000004,0.8660254037844384,1829429.0,1768749.0,1840591.0,1755605.0,1812923.0,1856294.0,1816180.4166666667,38660.758761307334,70598.39576647733,83033.63930738432,-0.05268966437068612,-0.012854827822887271,0
2013-12-01,1782029,2013,12,4,-2.4492935982947064e-16,1.0,1733037.0,1829429.0,1768749.0,1822426.0,1777071.6666666667,1829855.1666666667,1814299.75,48731.965908768114,83267.54787891135,84767.83350489527,0.028269448373000605,-0.02216660649046931,0
2014-01-01,1739539,2014,1,1,0.49999999999999994,0.8660254037844387,1782029.0,1733037.0,1829429.0,1733118.0,1781498.3333333333,1821687.3333333333,1810933.3333333333,48198.19105872478,85502.15142478453,85216.7364060428,-0.02384360748337988,0.0037048833374300205,0
2014-02-01,1661814,2014,2,1,0.8660254037844386,0.5000000000000001,1739539.0,1782029.0,1733037.0,1648748.0,1751535.0,1782229.0,1811468.4166666667,26607.931674596603,44850.86935166436,84702.31442631454,-0.04468137822721996,0.007924801121820924,0
2014-03-01,1957341,2014,3,1,1.0,6.123233995736766e-17,1661814.0,1739539.0,1782029.0,1865084.0,1727794.0,1752432.8333333333,1812557.25,60962.040033122255,56257.945751393156,82475.11277087283,0.17783398142030338,0.04946533239253559,0
2014-04-01,1877676,2014,4,2,0.8660254037844387,-0.4999999999999998,1957341.0,1661814.0,1739539.0,1831420.0,1786231.3333333333,1783864.8333333333,1820245.3333333333,153196.54834993294,101605.21446149668,91610.62948780305,-0.040700623958727644,0.025256904478492048,0
2014-05-01,1978028,2014,5,2,0.49999999999999994,-0.8660254037844387,1877676.0,1957341.0,1661814.0,1891670.0,1832277.0,1791906.0,1824100.0,152904.72142154412,107661.11421307175,93084.85309065653,0.05344479026200477,0.04565172572383136,0
2014-06-01,1942268,2014,6,2,1.2246467991473532e-16,-1.0,1978028.0,1877676.0,1957341.0,1831036.0,1937681.6666666667,1832737.8333333333,1831296.5,52985.82844811754,125799.03466309588,101721.24903649915,-0.018078611627337926,0.060748122920576186,0
2014-07-01,1993631,2014,7,3,-0.4999999999999997,-0.8660254037844388,1942268.0,1978028.0,1877676.0,1976289.0,1932657.3333333333,1859444.3333333333,1840565.8333333333,50861.62267695895,129825.2936752574,106644.22459223386,0.026444857249360076,0.00877503239657762,0
2014-08-01,1817310,2014,8,3,-0.8660254037844385,-0.5000000000000004,1993631.0,1942268.0,1978028.0,1840591.0,1971309.0,1901793.0,1842011.0,26332.454557067296,124210.58693042317,108747.41469194497,-0.0884421440075922,-0.012648654698409367,0
2014-09-01,1853286,2014,9,3,-1.0,-1.8369701987210297e-16,1817310.0,1993631.0,1942268.0,1768749.0,1917736.3333333333,1927709.0,1840070.9166666667,90684.20900208228,67318.60372883744,108982.46654014704,0.019796292322168396,0.04779479733981473,0
2014-10-01,1892374,2014,10,4,-0.8660254037844386,0.5000000000000001,1853286.0,1817310.0,1993631.0,1829429.0,1888075.6666666667,1910366.5,1847115.6666666667,93166.59508822538,71435.461372488,106660.56557845164,0.021091186141804386,0.034406910571549876,0
2014-11-01,1830460,2014,11,4,-0.5000000000000004,0.8660254037844384,1892374.0,1853286.0,1817310.0,1733037.0,1854323.3333333333,1912816.1666666667,1852361.0833333333,37542.74989040294,70333.74975477203,107257.7882533127,-0.03271763404062833,0.05621518755802679,0
2014-12-01,1901227,2014,12,4,-2.4492935982947064e-16,1.0,1830460.0,1892374.0,1853286.0,1782029.0,1858706.6666666667,1888221.5,1860479.6666666667,31310.91773380898,68752.81955454769,100903.6662072328,0.03866077379456523,0.06688892268307645,0
2015-01-01,1732067,2015,1,1,0.49999999999999994,0.8660254037844387,1901227.0,1830460.0,1892374.0,1739539.0,1874687.0,1881381.3333333333,1870412.8333333333,38556.64078988236,64190.56405942274,98312.52249270614,-0.08897412039698571,-0.0042953909052916295,0
2015-02-01,1654846,2015,2,1,0.8660254037844386,0.5000000000000001,1732067.0,1901227.0,1830460.0,1661814.0,1821251.3333333333,1837787.3333333333,1869790.1666666667,84955.14143554437,61472.43939739844,99236.09572935708,-0.04458314834241406,-0.004193008363150175,0
2015-03-01,1942967,2015,3,1,1.0,6.123233995736766e-17,1654846.0,1732067.0,1901227.0,1957341.0,1762713.3333333333,1810710.0,1869209.5,126017.05281561436,97512.48371977883,100575.02511648643,0.17410743960465203,-0.007343636085894056,0
2015-04-01,1873168,2015,4,2,0.8660254037844387,-0.4999999999999998,1942967.0,1654846.0,1732067.0,1877676.0,1776626.6666666667,1825656.8333333333,1868011.6666666667,149139.53392824225,111249.42581320056,99509.92746576836,-0.035923924595734236,-0.0024008401875510454,0
2015-05-01,1937469,2015,5,2,0.49999999999999994,-0.8660254037844387,1873168.0,1942967.0,1654846.0,1978028.0,1823660.3333333333,1822455.8333333333,1867636.0,150305.30414570644,109203.32040998942,99478.63052206494,0.03432740683163504,-0.020504765352158838,0
2015-06-01,1911209,2015,6,2,1.2246467991473532e-16,-1.0,1937469.0,1873168.0,1942967.0,1942268.0,1917868.0,1840290.6666666667,1864256.0833333333,38808.819886721576,119064.94033537681,96015.69257201336,-0.013553765247340754,-0.015991099065628456,0
2015-07-01,1952895,2015,7,3,-0.4999999999999997,-0.8660254037844388,1911209.0,1937469.0,1873168.0,1993631.0,1907282.0,1841954.3333333333,1861667.8333333333,32329.87236287821,120151.45995561955,94121.52406025035,0.021811324664126275,-0.02043306910857623,0
2015-08-01,1865139,2015,8,3,-0.8660254037844385,-0.5000000000000004,1952895.0,1911209.0,1937469.0,1817310.0,1933857.6666666667,1878759.0,1858273.1666666667,21076.336145861034,113390.4504003765,89553.08615851933,-0.04493636370619003,0.02631856975419722,0
2015-09-01,1859979,2015,9,3,-1.0,-1.8369701987210297e-16,1865139.0,1952895.0,1911209.0,1853286.0,1909747.6666666667,1913807.8333333333,1862258.9166666667,43896.24705294669,37322.70015107387,88623.73571500683,-0.0027665498389127796,0.0036114231694406307,0
2015-10-01,1923108,2015,10,4,-0.8660254037844386,0.5000000000000001,1859979.0,1865139.0,1952895.0,1892374.0,1892671.0,1899976.5,1862816.6666666667,52219.28793080195,39659.47891614661,88583.18310475044,0.03394070578216213,0.016240975621098164,0
2015-11-01,1874235,2015,11,4,-0.5000000000000004,0.8660254037844384,1923108.0,1859979.0,1865139.0,1830460.0,1882742.0,1908299.8333333333,1865377.8333333333,35053.05788372818,38118.43305497954,89949.21680576073,-0.025413549317042983,0.02391475366847673,0
2015-12-01,1867652,2015,12,4,-2.4492935982947064e-16,1.0,1874235.0,1923108.0,1859979.0,1901227.0,1885774.0,1897760.8333333333,1869025.75,33108.5948206806,37170.48332436562,89289.61275649373,-0.003512366378815912,-0.01765964821665167,0
2016-01-01,1906920,2016,1,1,0.49999999999999994,0.8660254037844387,1867652.0,1874235.0,1923108.0,1732067.0,1888331.6666666667,1890501.3333333333,1866227.8333333333,30296.517825211078,38256.26947138119,88713.02612339269,0.021025330200701298,0.1009504828623835,0
2016-02-01,1870776,2016,2,1,0.8660254037844386,0.5000000000000001,1906920.0,1867652.0,1874235.0,1654846.0,1882935.6666666667,1882838.8333333333,1880798.9166666667,21030.220073345245,25853.55026619986,78438.70602805834,-0.0189541249764017,0.13048344075521223,0
2016-03-01,2087553,2016,3,1,1.0,6.123233995736766e-17,1870776.0,1906920.0,1867652.0,1942967.0,1881782.6666666667,1883778.3333333333,1898793.0833333333,21825.535258804844,25175.234629828657,34164.30159327437,0.11587544420069529,0.07441505697214623,0
2016-04-01,1867781,2016,4,2,0.8660254037844387,-0.4999999999999998,2087553.0,1870776.0,1906920.0,1873168.0,1955083.0,1921707.3333333333,1910841.9166666667,116137.08649264455,84255.58077105027,63800.87855402412,-0.10527732709061755,-0.0028758765898200256,0
2016-05-01,2070340,2016,5,2,0.49999999999999994,-0.8660254037844387,1867781.0,2087553.0,1870776.0,1937469.0,1942036.6666666667,1912486.1666666667,1910393.0,126029.73838080176,87052.76851063936,64108.270194046796,0.10844900981431982,0.06857967792000808,0
2016-06-01,1958802,2016,6,2,1.2246467991473532e-16,-1.0,2070340.0,1867781.0,2087553.0,1911209.0,2008558.0,1945170.3333333333,1921465.5833333333,122219.86188422894,104819.91697128469,78963.32934454104,-0.05387424287798137,0.024902038447914387,0
2016-07-01,2079034,2016,7,3,-0.4999999999999997,-0.8660254037844388,1958802.0,2070340.0,1867781.0,1952895.0,1965641.0,1960362.0,1925431.6666666667,101452.5310724183,97701.67335926431,79594.04608652878,0.06138037433084098,0.06459077420957082,0
2016-08-01,1932901,2016,8,3,-0.8660254037844385,-0.5000000000000004,2079034.0,1958802.0,2070340.0,1865139.0,2036058.6666666667,1989047.6666666667,1935943.25,67047.30283414338,103940.24848280424,91054.85630015109,-0.07028889378432479,0.03633080429930424,0
2016-09-01,1952464,2016,9,3,-1.0,-1.8369701987210297e-16,1932901.0,2079034.0,1958802.0,1859979.0,1990245.6666666667,1999401.8333333333,1941590.0833333333,77975.90366474335,92237.61132080073,88324.93118692205,0.010121056381056315,0.04972367967595326,0
2016-10-01,2001816,2016,10,4,-0.8660254037844386,0.5000000000000001,1952464.0,1932901.0,2079034.0,1923108.0,1988133.0,1976887.0,1949297.1666666667,79327.93702725416,82377.07254327755,84508.90845976479,0.02527677847069132,0.04092749861162237,0
2016-11-01,1907871,2016,11,4,-0.5000000000000004,0.8660254037844384,2001816.0,1952464.0,1932901.0,1874235.0,1962393.6666666667,1999226.1666666667,1955856.1666666667,35514.33536381236,62694.522894484995,85341.78414505364,-0.0469298876620029,0.017946522181049973,0
2016-12-01,1944567,2016,12,4,-2.4492935982947064e-16,1.0,1907871.0,2001816.0,1952464.0,1867652.0,1954050.3333333333,1972148.0,1958659.1666666667,46992.58554637453,60897.03199664501,82935.73689400635,0.019234004814790984,0.04118272568979653,0
2017-01-01,1895272,2017,1,1,0.49999999999999994,0.8660254037844387,1944567.0,1907871.0,2001816.0,1906920.0,1951418.0,1969775.5,1965068.75,47345.727441871626,61791.69173521958,78093.76221757923,-0.025350116504085474,-0.0061082793195309515,0
2017-02-01,1735619,2017,2,1,0.8660254037844386,0.5000000000000001,1895272.0,1944567.0,1907871.0,1870776.0,1915903.3333333333,1939148.5,1964098.0833333333,25610.311211176795,37620.04453347135,78949.92401914732,-0.08423751313795591,-0.07224649022651564,0
2017-03-01,2015834,2017,3,1,1.0,6.123233995736766e-17,1735619.0,1895272.0,1944567.0,2087553.0,1858486.0,1906268.1666666667,1952835.0,109223.27601294512,91624.08738627088,100243.0642615526,0.1614496038589115,-0.034355534925340825,0
2017-04-01,1949762,2017,4,2,0.8660254037844387,-0.4999999999999998,2015834.0,1735619.0,1895272.0,1867781.0,1882241.6666666667,1916829.8333333333,1946858.4166666667,140561.20996325166,101169.3540029144,93384.19720065538,-0.03277650838313073,0.04389219078682127,0
2017-05-01,2066789,2017,5,2,0.49999999999999994,-0.8660254037844387,1949762.0,2015834.0,1735619.0,2070340.0,1900405.0,1908154.1666666667,1953690.1666666667,146482.75203244915,94431.42154053919,90011.01469349084,0.060021171814816476,-0.0017151772172686597,0
2017-06-01,1994056,2017,6,2,1.2246467991473532e-16,-1.0,2066789.0,1949762.0,2015834.0,1958802.0,2010795.0,1934640.5,1953394.25,58676.00295691577,114492.13240524595,89597.54568079997,-0.03519130399861814,0.017997735350484545,0
2017-07-01,2073944,2017,7,3,-0.4999999999999997,-0.8660254037844388,1994056.0,2066789.0,1949762.0,2079034.0,2003535.6666666667,1942888.6666666667,1956332.0833333333,59086.61220897101,117103.12944694111,90365.66417964906,0.040063067436421074,-0.002448252409532503,0
2017-08-01,1924663,2017,8,3,-0.8660254037844385,-0.5000000000000004,2073944.0,1994056.0,2066789.0,1932901.0,2044929.6666666667,1972667.3333333333,1955907.9166666667,44202.895565034174,125022.60127779725,89747.18505026934,-0.07197928198639891,-0.004261987551354207,0
2017-09-01,1925961,2017,9,3,-1.0,-1.8369701987210297e-16,1924663.0,2073944.0,1994056.0,1952464.0,1997554.3333333333,2004174.6666666667,1955221.4166666667,74701.9611009866,60513.61088438776,89970.39951860943,0.0006744037787393964,-0.013574129919937117,0
2017-10-01,2044137,2017,10,4,-0.8660254037844386,0.5000000000000001,1925961.0,1924663.0,2073944.0,2001816.0,1974856.0,1989195.8333333333,1953012.8333333333,85815.17936239475,67741.76027065639,90368.6566931005,0.06135949793375883,0.021141303696243785,0
2017-11-01,1976971,2017,11,4,-0.5000000000000004,0.8660254037844384,2044137.0,1925961.0,1924663.0,1907871.0,1964920.3333333333,2004925.0,1956539.5833333333,68606.71548276684,67710.84832137628,93227.01731156546,-0.032857875964282246,0.0362183816411068,0
2017-12-01,2003954,2017,12,4,-2.4492935982947064e-16,1.0,1976971.0,2044137.0,1925961.0,1944567.0,1982356.3333333333,1989955.3333333333,1962297.9166666667,59271.773259565314,60882.70854903782,92074.5524388305,0.013648657466396763,0.03053996082418342,0
2018-01-01,2000086,2018,1,1,0.49999999999999994,0.8660254037844387,2003954.0,1976971.0,2044137.0,1895272.0,2008354.0,1991605.0,1967246.8333333333,33798.48944849446,61149.55404907232,92629.22071535361,-0.0019301840261802816,0.05530288000877981,0
2018-02-01,1820012,2018,2,1,0.8660254037844386,0.5000000000000001,2000086.0,2003954.0,1976971.0,1735619.0,1993670.3333333333,1979295.3333333333,1975981.3333333333,14590.790120254802,47073.11096865255,90133.45367472462,-0.0900331285754713,0.04862415080729132,0
2018-03-01,2049785,2018,3,1,1.0,6.123233995736766e-17,1820012.0,2000086.0,2003954.0,2015834.0,1941350.6666666667,1961853.5,1983014.0833333333,105100.16354570212,79549.44627525947,70918.19933680397,0.12624806869405258,0.01684216061441557,0
2018-04-01,1984369,2018,4,2,0.8660254037844387,-0.4999999999999998,2049785.0,1820012.0,2000086.0,1949762.0,1956627.6666666667,1982490.8333333333,1985843.3333333333,120894.07733356225,84295.73178617693,72993.43275856547,-0.03191359093758617,0.017749345817592133,0
2018-05-01,2164458,2018,5,2,0.49999999999999994,-0.8660254037844387,1984369.0,2049785.0,1820012.0,2066789.0,1951388.6666666667,1972529.5,1988727.25,118383.63346482204,78913.5738152848,72116.67366418675,0.09075378621617247,0.04725639627460754,0
2018-06-01,2093942,2018,6,2,1.2246467991473532e-16,-1.0,2164458.0,1984369.0,2049785.0,1994056.0,2066204.0,2003777.3333333333,1996866.3333333333,91160.29646178204,111440.58535680387,85918.39911782673,-0.03257905674307382,0.050091873046694824,0
2018-07-01,2179896,2018,7,3,-0.4999999999999997,-0.8660254037844388,2093942.0,2164458.0,1984369.0,2073944.0,2080923.0,2018775.3333333333,2005190.1666666667,90747.63220602502,117366.95974876023,90345.81896331462,0.041048892471711174,0.051087203897501654,0
2018-08-01,1997854,2018,8,3,-0.8660254037844385,-0.5000000000000004,2179896.0,2093942.0,2164458.0,1924663.0,2146098.6666666665,2048743.6666666667,2014019.5,45823.807887749004,133489.31660124386,102089.79564490626,-0.0835094885260581,0.0380279560629575,0
2018-09-01,2005695,2018,9,3,-1.0,-1.8369701987210297e-16,1997854.0,2179896.0,2093942.0,1925961.0,2090564.0,2078384.0,2020118.75,91067.9998901919,82579.9914143884,98385.10567905,0.003924711215133936,0.04139959220358036,0
2018-10-01,2079492,2018,10,4,-0.8660254037844386,0.5000000000000001,2005695.0,1997854.0,2179896.0,2044137.0,2061148.3333333333,2071035.6666666667,2026763.25,102913.19922309928,87451.78650357651,94044.71341299525,0.03679372985424001,0.017295807472786695,0
2018-11-01,2037847,2018,11,4,-0.5000000000000004,0.8660254037844384,2079492.0,2005695.0,1997854.0,1976971.0,2027680.3333333333,2086889.5,2029709.5,45041.16919367568,76539.41349070077,95185.36869470043,-0.020026525709163634,0.030792560942977998,0
2018-12-01,2047518,2018,12,4,-2.4492935982947064e-16,1.0,2037847.0,2079492.0,2005695.0,2003954.0,2041011.3333333333,2065787.6666666667,2034782.5,37000.12238268032,67835.06391437339,93730.19505959493,0.0047456948436266355,0.02173902195359778,0
2019-01-01,2113413,2019,1,1,0.49999999999999994,0.8660254037844387,2047518.0,2037847.0,2079492.0,2000086.0,2054952.3333333333,2058050.3333333333,2038412.8333333333,21795.14832097553,66618.1593161138,93270.13008737465,0.032182867256844716,0.05666106357426637,0
2019-02-01,1954947,2019,2,1,0.8660254037844386,0.5000000000000001,2113413.0,2047518.0,2037847.0,1820012.0,2066259.3333333333,2046969.8333333333,2047856.75,41121.56697322372,43981.56260715527,94762.05461060561,-0.07498108509789614,0.07413962105744365,0
2019-03-01,2167551,2019,3,1,1.0,6.123233995736766e-17,1954947.0,2113413.0,2047518.0,2049785.0,2038626.0,2039818.6666666667,2059101.3333333333,79606.33791979124,55535.377750287436,70051.9421732413,0.10875179736330454,0.05745285481160223,0
2019-04-01,2112165,2019,4,2,0.8660254037844387,-0.4999999999999998,2167551.0,1954947.0,2113413.0,1984369.0,2078637.0,2066794.6666666667,2068915.1666666667,110485.93953983462,72395.83939058318,76573.68457403095,-0.025552339944942437,0.06440132858354475,0
2019-05-01,2172006,2019,5,2,0.49999999999999994,-0.8660254037844387,2112165.0,2167551.0,1954947.0,2164458.0,2078221.0,2072240.1666666667,2079564.8333333333,110291.71118447656,74733.00724156036,72526.06418364715,0.0283315934124464,0.0034872471537910066,0
2019-06-01,2107987,2019,6,2,1.2246467991473532e-16,-1.0,2172006.0,2112165.0,2167551.0,2093942.0,2150574.0,2094600.0,2080193.8333333333,33337.66963961327,82092.22930826306,73357.22168184671,-0.029474596294853717,0.006707444618809788,0
2019-07-01,2265050,2019,7,3,-0.4999999999999997,-0.8660254037844388,2107987.0,2172006.0,2112165.0,2179896.0,2130719.3333333335,2104678.1666666665,2081364.25,35816.27499242946,78801.96818460256,73707.72207371675,0.07450852400892405,0.03906333146168439,0
2019-08-01,2125435,2019,8,3,-0.8660254037844385,-0.5000000000000004,2265050.0,2107987.0,2172006.0,1997854.0,2181681.0,2129951.0,2088460.4166666667,78977.21640447954,102819.53309950622,86963.3116188692,-0.06163881592017839,0.06385902072924243,0
2019-09-01,2123345,2019,9,3,-1.0,-1.8369701987210297e-16,2125435.0,2265050.0,2107987.0,2005695.0,2166157.3333333335,2158365.6666666665,2099092.1666666665,86086.7458807297,59006.63773396282,82566.76693312378,-0.0009833281187144882,0.05865797142636353,0
2019-10-01,2170885,2019,10,4,-0.8660254037844386,0.5000000000000001,2123345.0,2125435.0,2265050.0,2079492.0,2171276.6666666665,2150998.0,2108896.3333333335,81216.81204241716,60374.32924017005,77284.415690403,0.02238920194316041,0.043949676170911056,0
2019-11-01,2143505,2019,11,4,-0.5000000000000004,0.8660254037844384,2170885.0,2123345.0,2125435.0,2037847.0,2139888.3333333335,2160784.6666666665,2116512.4166666665,26864.233347209145,57511.939576640325,78615.06521533636,-0.01261236776706276,0.05184785707661077,0
2019-12-01,2180537,2019,12,4,-2.4492935982947064e-16,1.0,2143505.0,2170885.0,2123345.0,2047518.0,2145911.6666666665,2156034.5,2125317.25,23861.201422671533,57576.73145898836,74829.29905170303,0.017276376775421598,0.06496597343710775,0
2020-01-01,2114709,2020,1,1,0.49999999999999994,0.8660254037844387,2180537.0,2143505.0,2170885.0,2113413.0,2164975.6666666665,2168126.1666666665,2136402.1666666665,19210.21658736065,52896.048738701895,72057.84098504,-0.030188893836701647,0.0006132260944737844,0
2020-02-01,1969691,2020,2,1,0.8660254037844386,0.5000000000000001,2114709.0,2180537.0,2143505.0,1954947.0,2146250.3333333335,2143069.3333333335,2136510.1666666665,32999.75814052747,27136.892627327816,72021.2144564985,-0.06857586552097716,0.007541892440050768,0
2020-03-01,1531801,2020,3,1,1.0,6.123233995736766e-17,1969691.0,2114709.0,2180537.0,2167551.0,2088312.3333333333,2117112.0,2137738.8333333335,107873.05936763498,76666.07142928641,68690.97073499707,-0.22231405839799234,-0.29330336402695945,0
2020-04-01,916575,2020,4,2,0.8660254037844387,-0.4999999999999998,1531801.0,1969691.0,2114709.0,2112165.0,1872067.0,2018521.3333333333,2084759.6666666667,303468.72680393275,250446.73351886042,186959.7262029435,-0.4016357216113582,-0.5660495273806734,0
2020-05-01,1261837,2020,5,2,0.49999999999999994,-0.8660254037844387,916575.0,1531801.0,1969691.0,2172006.0,1472689.0,1809469.6666666667,1985127.1666666667,529040.6400003689,498492.3811376329,384858.66046755284,0.3766871232577804,-0.41904534333698895,0
2020-06-01,1410602,2020,6,2,1.2246467991473532e-16,-1.0,1261837.0,916575.0,1531801.0,2107987.0,1236737.6666666667,1662525.0,1909279.75,308380.02556802105,510144.84091794986,431537.32308554824,0.11789557605300849,-0.3308298390834479,0
2020-07-01,1588286,2020,7,3,-0.4999999999999997,-0.8660254037844388,1410602.0,1261837.0,916575.0,2265050.0,1196338.0,1534202.5,1851164.3333333333,253442.81097123274,446669.35765138443,448951.8278131715,0.1259632412260865,-0.29878545727467387,0
2020-08-01,1719003,2020,8,3,-0.8660254037844385,-0.5000000000000004,1588286.0,1410602.0,1261837.0,2125435.0,1420241.6666666667,1446465.3333333333,1794767.3333333333,163437.84684195195,351373.85823801265,434508.227186537,0.08230066877124154,-0.1912229731796079,0
2020-09-01,1693880,2020,9,3,-1.0,-1.8369701987210297e-16,1719003.0,1588286.0,1410602.0,2123345.0,1572630.3333333333,1404684.0,1760898.0,154795.41054027842,285431.4432111507,422051.80013423075,-0.0146148668734144,-0.20225870030541437,0
2020-10-01,1599347,2020,10,4,-0.8660254037844386,0.5000000000000001,1693880.0,1719003.0,1588286.0,2170885.0,1667056.3333333333,1431697.1666666667,1725109.25,69364.00610066684,306741.86918477074,406443.3887627289,-0.055808557867145225,-0.2632741946256941,0
2020-11-01,1485176,2020,11,4,-0.5000000000000004,0.8660254037844384,1599347.0,1693880.0,1719003.0,2143505.0,1670743.3333333333,1545492.5,1677481.0833333333,63094.12486383614,176358.85248521072,382222.84410048526,-0.07138600941509254,-0.30712734516597817,0
2020-12-01,1474674,2020,12,4,-2.4492935982947064e-16,1.0,1485176.0,1599347.0,1693880.0,2180537.0,1592801.0,1582715.6666666667,1622620.3333333333,104505.8729976455,118639.35006677582,355569.1800171368,-0.007071215802032849,-0.3237106272445732,0
2021-01-01,1310806,2021,1,1,0.49999999999999994,0.8660254037844387,1474674.0,1485176.0,1599347.0,2114709.0,1519732.3333333333,1593394.3333333333,1563798.4166666667,69147.98885241234,101727.24401391683,310398.68140489835,-0.1111215088894223,-0.38014828517777155,0
2021-02-01,1278091,2021,2,1,0.8660254037844386,0.5000000000000001,1310806.0,1474674.0,1485176.0,1969691.0,1423552.0,1547147.6666666667,1496806.5,97781.99419115977,154103.6708669427,263967.7054756673,-0.024957926649710194,-0.3511210641669176,0
2021-03-01,1691282,2021,3,1,1.0,6.123233995736766e-17,1278091.0,1310806.0,1474674.0,1531801.0,1354523.6666666667,1473662.3333333333,1439173.1666666667,105331.11960068278,160745.99582281063,223774.63320810435,0.3232876219298939,0.1041133933193672,0
2021-04-01,1866232,2021,4,2,0.8660254037844387,-0.4999999999999998,1691282.0,1278091.0,1310806.0,916575.0,1426726.3333333333,1473229.3333333333,1452463.25,229695.10961344687,160036.08939194636,234265.8520295075,0.10344224085634446,1.0360930638518395,0
2021-05-01,2075542,2021,5,2,0.49999999999999994,-0.8660254037844387,1866232.0,1691282.0,1278091.0,1261837.0,1611868.3333333333,1517710.1666666667,1531601.3333333333,302005.55758186535,225713.05345364282,193663.18251556886,0.11215647357884762,0.644857457817452,0
2021-06-01,2157132,2021,6,2,1.2246467991473532e-16,-1.0,2075542.0,1866232.0,1691282.0,1410602.0,1877685.3333333333,1616104.5,1599410.0833333333,192385.864952011,318358.6423464898,229719.60087322627,0.03931021391039069,0.5292279466497283,0
2021-07-01,2160128,2021,7,3,-0.4999999999999997,-0.8660254037844388,2157132.0,2075542.0,1866232.0,1588286.0,2032968.6666666667,1729847.5,1661620.9166666667,150050.221703713,374658.3710303296,271267.2342022132,0.001388881162580624,0.36003717214657804,0
2021-08-01,2035967,2021,8,3,-0.8660254037844385,-0.5000000000000004,2160128.0,2157132.0,2075542.0,1719003.0,2130934.0,1871401.1666666667,1709274.4166666667,47994.26269878603,343850.3632665911,305305.51989365806,-0.057478538308840976,0.1843882762275575,0
2021-09-01,2127204,2021,9,3,-1.0,-1.8369701987210297e-16,2035967.0,2160128.0,2157132.0,1693880.0,2117742.3333333335,1997713.8333333333,1735688.0833333333,70835.35741657147,184662.3852661027,319600.2165323688,0.04481261238517131,0.2558174132760289,0
2021-10-01,2164802,2021,10,4,-0.8660254037844386,0.5000000000000001,2127204.0,2035967.0,2160128.0,1599347.0,2107766.3333333335,2070367.5,1771798.4166666667,64322.27953309358,111082.74912289403,338375.3437144924,0.017674844537712397,0.3535536690911978,0
2021-11-01,2037955,2021,11,4,-0.5000000000000004,0.8660254037844384,2164802.0,2127204.0,2035967.0,1485176.0,2109324.3333333335,2120129.1666666665,1818919.6666666667,66252.36725078907,53077.523259534515,351301.99188896036,-0.05859519715890871,0.3721976385290362,0
2021-12-01,1874642,2021,12,4,-2.4492935982947064e-16,1.0,2037955.0,2164802.0,2127204.0,1474674.0,2109987.0,2113864.6666666665,1864984.5833333333,65152.58374769251,61016.77122125058,339608.31826664886,-0.08013572429224392,0.2712246910164551,0
2022-01-01,1875202,2022,1,1,0.49999999999999994,0.8660254037844387,1874642.0,2037955.0,2164802.0,1310806.0,2025799.6666666667,2066783.0,1898315.25,145461.40552164835,110154.93992372647,316671.84367535764,0.0002987237029790091,0.4305717245725149,0
2022-02-01,1825363,2022,2,1,0.8660254037844386,0.5000000000000001,1875202.0,1874642.0,2037955.0,1278091.0,1929266.3333333333,2019295.3333333333,1945348.25,94127.56289383803,122580.64575725842,257948.8125342727,-0.026577936670289404,0.4281948624941416,0
2022-03-01,2174798,2022,3,1,1.0,6.123233995736766e-17,1825363.0,1875202.0,1874642.0,1691282.0,1858402.3333333333,1984194.6666666667,1990954.25,28614.271969306243,144961.7454443292,158435.19595040006,0.19143315603526534,0.2858872736776008,0
2022-04-01,2028796,2022,4,2,0.8660254037844387,-0.4999999999999998,2174798.0,1825363.0,1875202.0,1866232.0,1958454.3333333333,1992127.0,2031247.25,189009.04227135124,155286.81077026416,135052.7106793563,-0.06713359125767082,0.08710814089566576,0
2022-05-01,2233053,2022,5,2,0.49999999999999994,-0.8660254037844387,2028796.0,2174798.0,1825363.0,2075542.0,2009652.3333333333,1969459.3333333333,2044794.25,175502.32131323346,133427.87509312478,124756.23601329776,0.1006789248401514,0.07588909306581115,0
2022-06-01,2191691,2022,6,2,1.2246467991473532e-16,-1.0,2233053.0,2028796.0,2174798.0,2157132.0,2145549.0,2001975.6666666667,2057920.1666666667,105222.89918549155,171732.98018338383,136059.3985353054,-0.018522623511398995,0.01602080911135717,0
2022-07-01,2181655,2022,7,3,-0.4999999999999997,-0.8660254037844388,2191691.0,2233053.0,2028796.0,2160128.0,2151180.0,2054817.1666666667,2060800.0833333333,107986.51005102498,173485.3208284969,138690.5909389445,-0.0045791126577605645,0.00996561314885036,0
2022-08-01,1995679,2022,8,3,-0.8660254037844385,-0.5000000000000004,2181655.0,2191691.0,2233053.0,2035967.0,2202133.0,2105892.6666666665,2062594.0,27243.625382832553,154051.7902403814,140222.91939947015,-0.08524537564372003,-0.019788139984587172,0
2022-09-01,2008489,2022,9,3,-1.0,-1.8369701987210297e-16,1995679.0,2181655.0,2191691.0,2127204.0,2123008.3333333335,2134278.6666666665,2059236.6666666667,110384.5535812573,97237.17277392658,141395.80108998987,0.006418867964236741,-0.05580799960887628,0
2022-10-01,2188028,2022,10,4,-0.8660254037844386,0.5000000000000001,2008489.0,1995679.0,2181655.0,2164802.0,2061941.0,2106560.5,2049343.75,103873.02523754742,106627.18427446067,140357.28043890587,0.08939008378935598,0.010728925786284371,0
2022-11-01,2178804,2022,11,4,-0.5000000000000004,0.8660254037844384,2188028.0,2008489.0,1995679.0,2037955.0,2064065.3333333333,2133099.1666666665,2051279.25,107545.71618773795,103160.66426388723,142241.65982141497,-0.004215668172436571,0.06911290975512219,0
2022-12-01,2294079,2022,12,4,-2.4492935982947064e-16,1.0,2178804.0,2188028.0,2008489.0,1874642.0,2125107.0,2124057.6666666665,2063016.6666666667,101099.4015165277,94676.59047022373,146781.03992641557,0.05290746666519808,0.22374245322573594,0
2023-01-01,1968338,2023,1,1,0.49999999999999994,0.8660254037844387,2294079.0,2178804.0,2188028.0,1875202.0,2220303.6666666665,2141122.3333333335,2097969.75,64057.555372752424,116106.89284907443,147782.2664137609,-0.14199205868673226,0.049667182522203035,0
2023-02-01,1914279,2023,2,1,0.8660254037844386,0.5000000000000001,1968338.0,2294079.0,2178804.0,1825363.0,2147073.6666666665,2105569.5,2105731.0833333335,165172.365456009,132688.77711811123,137077.1652480764,-0.02746428712954785,0.04871140699137655,0
2023-03-01,2165951,2023,3,1,1.0,6.123233995736766e-17,1914279.0,1968338.0,2294079.0,2174798.0,2058898.6666666667,2092002.8333333333,2113140.75,205457.86857731576,149293.91454364933,122132.73021827404,0.13147090889050128,-0.004067964013209524,0
2023-04-01,2034040,2023,4,2,0.8660254037844387,-0.4999999999999998,2165951.0,1914279.0,1968338.0,2028796.0,2016189.3333333333,2118246.5,2112403.5,132484.00459049243,145468.04140669454,121752.81414444772,-0.06090211643753718,0.0025847842759942896,0
2023-05-01,2245919,2023,5,2,0.49999999999999994,-0.8660254037844387,2034040.0,2165951.0,1914279.0,2233053.0,2038090.0,2092581.8333333333,2112840.5,125884.8710965708,144273.33888340727,121434.44086906871,0.10416658472793072,0.005761618734530627,0
2023-06-01,2225726,2023,6,2,1.2246467991473532e-16,-1.0,2245919.0,2034040.0,2165951.0,2191691.0,2148636.6666666665,2103767.6666666665,2113912.6666666665,106995.40767871,154532.3713759239,122643.09091116367,-0.00899097429604545,0.015529105152140454,0
2023-07-01,2199787,2023,7,3,-0.4999999999999997,-0.8660254037844388,2225726.0,2245919.0,2034040.0,2181655.0,2168561.6666666665,2092375.5,2116748.9166666665,116935.87308577858,139483.34074110718,124976.66176200974,-0.011654174862494315,0.008311121602636584,0
2023-08-01,2109861,2023,8,3,-0.8660254037844385,-0.5000000000000004,2199787.0,2225726.0,2245919.0,1995679.0,2223810.6666666665,2130950.3333333335,2118259.9166666665,23125.5644759906,130001.41079798497,125938.64018746077,-0.04087941241583848,0.05721461216959245,0
2023-09-01,2170046,2023,9,3,-1.0,-1.8369701987210297e-16,2109861.0,2199787.0,2225726.0,2008489.0,2178458.0,2163547.3333333335,2127775.0833333335,60805.99671907323,79529.54279427486,120009.07235589033,0.028525575855470997,0.08043708479359357,0
2023-10-01,2224320,2023,10,4,-0.8660254037844386,0.5000000000000001,2170046.0,2109861.0,2199787.0,2188028.0,2159898.0,2164229.8333333335,2141238.1666666665,45813.83848795006,79571.8557064393,114338.63472147728,0.025010529730706166,0.016586625034048952,0
2023-11-01,2167584,2023,11,4,-0.5000000000000004,0.8660254037844384,2224320.0,2170046.0,2109861.0,2178804.0,2168075.6666666665,2195943.1666666665,2144262.5,57254.932803499825,49568.98922276254,116154.32552154642,-0.025507121277513978,-0.005149614192006213,0
2023-12-01,2184918,2023,12,4,-2.4492935982947064e-16,1.0,2167584.0,2224320.0,2170046.0,2294079.0,2187316.6666666665,2182887.3333333335,2143327.5,32069.461631484242,43747.80720294872,115895.87299539773,0.007996921918596911,-0.04758380160404241,0
2024-01-01,2230825,2024,1,1,0.49999999999999994,0.8660254037844387,2184918.0,2167584.0,2224320.0,1968338.0,2192274.0,2176086.0,2134230.75,29074.498723106037,38628.42634640602,106924.41330307222,0.021010857158026086,0.13335463726250274,0
2024-02-01,2157822,2024,2,1,0.8660254037844386,0.5000000000000001,2230825.0,2184918.0,2167584.0,1914279.0,2194442.3333333335,2181259.0,2156104.6666666665,32678.59719041226,44124.455251025,96214.51299933284,-0.03272466464200463,0.1272244014587216,0
2024-03-01,2370221,2024,3,1,1.0,6.123233995736766e-17,2157822.0,2230825.0,2184918.0,2165951.0,2191188.3333333335,2189252.5,2176399.9166666665,36903.21547417279,30993.806050559506,59091.67587350901,0.09843212276082092,0.0943096127290044,0
2024-04-01,2240668,2024,4,2,0.8660254037844387,-0.4999999999999998,2370221.0,2157822.0,2230825.0,2034040.0,2252956.0,2222615.0,2193422.4166666665,107915.10399846628,78109.47443172085,81122.98975962345,-0.054658616221862855,0.10158502291007054,0
2024-05-01,2416292,2024,5,2,0.49999999999999994,-0.8660254037844387,2240668.0,2370221.0,2157822.0,2245919.0,2256237.0,2225339.6666666665,2210641.4166666665,107051.99260639565,78465.16540902924,64428.816966648716,0.07838019733400925,0.07585892456495547,0
2024-06-01,2294065,2024,6,2,1.2246467991473532e-16,-1.0,2416292.0,2240668.0,2370221.0,2225726.0,2342393.6666666665,2266791.0,2224839.1666666665,91058.86944352518,103539.08370851866,87537.28467536368,-0.05058453200192692,0.03070413878437872,0
2024-07-01,2324832,2024,7,3,-0.4999999999999997,-0.8660254037844388,2294065.0,2416292.0,2240668.0,2199787.0,2317008.3333333335,2284982.1666666665,2230534.0833333335,90031.90963393488,95558.23455341932,89794.09927411344,0.013411564188460234,0.05684413990990955,0
2024-08-01,2160791,2024,8,3,-0.8660254037844385,-0.5000000000000004,2324832.0,2294065.0,2416292.0,2109861.0,2345063.0,2300650.0,2240954.5,63575.38755681814,92562.41727828643,93096.46798349793,-0.07056036737278215,0.024139030959859475,0
2024-09-01,2214217,2024,9,3,-1.0,-1.8369701987210297e-16,2160791.0,2324832.0,2294065.0,2170046.0,2259896.0,2301144.8333333335,2245198.6666666665,87195.19964424512,91649.59203273243,87573.8656754161,0.024725204797687583,0.020354868053488184,0
2024-10-01,2360536,2024,10,4,-0.8660254037844386,0.5000000000000001,2214217.0,2160791.0,2324832.0,2224320.0,2233280.0,2275144.1666666665,2248879.5833333335,83665.47015943799,90251.82768546198,85018.90272967877,0.06608159904833166,0.06123939001582501,0
2024-11-01,2314998,2024,11,4,-0.5000000000000004,0.8660254037844384,2360536.0,2214217.0,2160791.0,2167584.0,2245181.3333333335,2295122.1666666665,2260230.9166666665,103409.90624854616,94271.30871143301,90366.97962044718,-0.019291381279506026,0.06800843704327031,0
2024-12-01,2345934,2024,12,4,-2.4492935982947064e-16,1.0,2314998.0,2360536.0,2214217.0,2184918.0,2296583.6666666665,2278239.8333333335,2272515.4166666665,74877.4211250161,75416.49607192261,86567.45978449755,0.01336329448232787,0.07369429882494449,0
2025-01-01,2218130,2025,1,1,0.49999999999999994,0.8660254037844387,2345934.0,2314998.0,2360536.0,2230825.0,2340489.3333333335,2286884.6666666665,2285933.4166666665,23252.11081456729,80401.37416652971,84201.94573056752,-0.05447894101027562,-0.005690719800970467,0
2025-02-01,2088071,2025,2,1,0.8660254037844386,0.5000000000000001,2218130.0,2345934.0,2314998.0,2157822.0,2293020.6666666665,2269101.0,2284875.5,66676.2175691829,82111.57789252164,85032.9239899202,-0.058634525478668986,-0.03232472372605344,0
2025-03-01,2389064,2025,3,1,1.0,6.123233995736766e-17,2088071.0,2218130.0,2345934.0,2370221.0,2217378.3333333335,2256981.0,2279062.9166666665,128933.14331207922,103798.83864475387,96163.00821708326,0.14414883401953293,0.007949891592387459,0
2025-04-01,2295820,2025,4,2,0.8660254037844387,-0.4999999999999998,2389064.0,2088071.0,2218130.0,2240668.0,2231755.0,2286122.1666666665,2280633.1666666665,150958.36174587952,113483.83862456506,97924.5626163775,-0.03902951113909048,0.02461408829866807,0
2025-05-01,2395886,2025,5,2,0.49999999999999994,-0.8660254037844387,2295820.0,2389064.0,2088071.0,2416292.0,2257651.6666666665,2275336.1666666665,2285229.1666666665,154083.78488450075,107936.56539730326,97169.65780048537,0.043586169647446216,-0.00844517136173939,0
2025-06-01,2350478,2025,6,2,1.2246467991473532e-16,-1.0,2395886.0,2295820.0,2389064.0,2294065.0,2360256.6666666665,2288817.5,2283528.6666666665,55907.94155871672,118423.16830037802,94817.59255955975,-0.018952487722704636,0.024590846379679787,0
2025-07-01,2407884,2025,7,3,-0.4999999999999997,-0.8660254037844388,2350478.0,2395886.0,2295820.0,2324832.0,2347394.6666666665,2289574.8333333335,2288229.75,50104.204387784775,118875.15746936499,96765.94590053661,0.024423117340387712,0.035723871660403805,0
